id,message (what the person pasted),verdict shown,explanation shown (written by the model),meaning correct? (yes / no),reads naturally? (1-5),better wording (if any),notes
G003,"বিনিয়োগ করুন ₹১০,০০০, প্রতি সপ্তাহে পাবেন ₹৩,০০০ নিশ্চিত লাভ। আমাদের কোম্পানি সরকার অনুমোদিত। আজই যোগ দিন।",সম্ভবত স্ক্যাম,"খুব কম টাকায় প্রতি সপ্তাহে অনেক বেশি লাভ দেওয়ার প্রতিশ্রুতি দিচ্ছে, যা একটি অনলাইন বিনিয়োগের প্রতারণা।
• অল্প সময়ে নিশ্চিত বা খুব বেশি লাভের প্রতিশ্রুতি। আসল বিনিয়োগে লাভের গ্যারান্টি থাকে না।  (""নিশ্চিত লাভ"")
• বিনিয়োগে এত বেশি এবং নিশ্চিত লাভের প্রতিশ্রুতি সম্পূর্ণ অসম্ভব এবং এগুলো প্রতারণার ফাঁদ।  (""প্রতি সপ্তাহে পাবেন ₹৩,০০০ নিশ্চিত লাভ"")
• অপরিচিত কোনো মাধ্যমে টাকা বিনিয়োগ করতে বলা হচ্ছে।  (""বিনিয়োগ করুন ₹১০,০০০"")",,,,
G014,"আপনার ট্রেডিং অ্যাকাউন্টে ₹৪,৮০,০০০ লাভ জমা আছে। টাকা তোলার আগে ২০% সার্ভিস চার্জ জমা দিতে হবে।",সম্ভবত স্ক্যাম,"এটি একটি ইনভেস্টমেন্ট স্ক্যাম। আপনার অ্যাকাউন্টে টাকা জমা আছে বলে মিথ্যা বলে টাকা হাতিয়ে নেওয়ার চেষ্টা করা হচ্ছে।
• টাকা তোলার আগে ট্যাক্স বা ফি দিতে বলে। আসল প্ল্যাটফর্ম চার্জ কেটে নেয়, জমা করায় না।  (""তোলার আগে ২০% সার্ভিস চার্জ"")
• বিনা কারণে প্রচুর লাভ দেখিয়ে লোভ দেখানো হচ্ছে।  (""৪,৮০,০০০ লাভ জমা আছে"")
• লাভের টাকা তোলার জন্য আগে টাকা জমা দিতে বলা স্ক্যামের লক্ষণ।  (""২০% সার্ভিস চার্জ জমা দিতে হবে"")",,,,
G026,"[Phone call] Caller claimed to be: police, CBI, customs, ED or a court. Asked to: stay on the call or keep the camera on. Threat: arrest or a legal case. Video call or secrecy: yes. In their words: কাস্টমস অফিসার বলে ফোন করে বলল আমার নামে বিদেশ থেকে ড্রাগস এসেছে। ভিডিও কল চালু রাখতে বলল আর কাউকে জানাতে বারণ করল।",সম্ভবত স্ক্যাম,"ফোন করে কাস্টমস অফিসার সেজে মিথ্যে অভিযোগে ভয় দেখানো হচ্ছে এবং ভিডিও কলে থাকতে বলা হচ্ছে। এটি একটি ডিজিটাল অ্যারেস্ট স্ক্যাম।
• পুলিশ বা অফিসার সেজে গ্রেফতারের ভয় দেখানো এবং কলে আটকে রাখা। 'ডিজিটাল অ্যারেস্ট' বলে কিছু হয় না।
• স্ক্যামাররা মিথ্যা অভিযোগে ভয় দেখানোর জন্য ড্রাগস বা বেআইনি পার্সেলের কথা বলে।  (""আমার নামে বিদেশ থেকে ড্রাগস এসেছে"")
• পুলিশ বা কাস্টমস কখনো ভিডিও কলে নজরদারি চালায় না এবং বন্দি রাখতে বলে না।  (""ভিডিও কল চালু রাখতে বলল"")
• প্রতারকরা যাতে ধরা না পড়ে, তাই কাউকে কিছু বলতে নিষেধ করে এবং গোপনীয়তা বজায় রাখতে বলে।  (""কাউকে জানাতে বারণ করল"")",,,,
G036,"আপনার এটিএম কার্ড আজ বন্ধ হয়ে যাবে। চালু রাখতে আমাদের প্রতিনিধিকে আপনার কার্ড নম্বর, মেয়াদ ও CVV জানান। কল করুন 9XXXXXXX23",সম্ভবত স্ক্যাম,"এটি একটি প্রতারণামূলক মেসেজ। এটিএম কার্ড বন্ধ হয়ে যাওয়ার ভয় দেখিয়ে আপনার গোপন তথ্য ও সিভিভি চুরি করার চেষ্টা করা হচ্ছে।
• OTP, পিন, CVV বা পাসওয়ার্ড জানাতে বলা হয়েছে। ব্যাংক বা আসল কোম্পানি এগুলো কখনও চায় না।  (""CVV জানান"")
• ভয় দেখিয়ে দ্রুত কাজ করানোর জন্য এটি একটি মিথ্যা হুমকি।  (""আপনার এটিএম কার্ড আজ বন্ধ হয়ে যাবে"")
• ব্যাংক বা কোনো বৈধ সংস্থা কখনো ফোন বা মেসেজে গোপন কার্ডের তথ্য বা সিভিক ভি চায় না।  (""কার্ড নম্বর, মেয়াদ ও CVV জানান"")",,,,
G046,"প্রিয় গ্রাহক, আপনার ব্যাংক অ্যাকাউন্টে ₹১০,০০০ পুরস্কার জমা হয়েছে। টাকা পেতে এই লিঙ্কে কার্ড ডিটেলস দিন: reward-bank-in.site",সম্ভবত স্ক্যাম,"ব্যাঙ্কে পুরস্কার পাওয়ার মিথ্যা লোভ দেখিয়ে আপনার কার্ডের তথ্য চুরি করার একটি প্রতারণামূলক বার্তা।
• লিঙ্কটি ছোট বা অদ্ভুত ঠিকানা, যাতে বোঝা যায় না সেটা কোথায় নিয়ে যাবে।  (""reward-bank-in.site"")
• লোভনীয় পুরস্কারের কথা বলে মানুষকে ঠকানোর চেষ্টা করা হচ্ছে।  (""₹১০,০০০ পুরস্কার জমা হয়েছে"")
• ব্যাঙ্কের গোপন তথ্য বা কার্ডের বিস্তারিত জানতে চাওয়া প্রতারণার লক্ষণ।  (""কার্ড ডিটেলস দিন"")",,,,
G057,"সরকারি স্কুলে শিক্ষক পদে নিয়োগ, কোনো পরীক্ষা লাগবে না। ₹৩ লাখ দিলে চাকরি পাকা। প্রথমে ₹৫০,০০০ অ্যাডভান্স।",সম্ভবত স্ক্যাম,"কোনো পরীক্ষা ছাড়াই টাকার বিনিময়ে সরকারি চাকরি দেওয়ার লোভ দেখিয়ে এই মেসেজটি পাঠানো হয়েছে, যা সম্পূর্ণ একটি জালিয়াতি।
• চাকরি, লোন, পুরস্কার, পার্সেল বা রিফান্ডের আগে ফি চায়।  (""অ্যাডভান্স"")
• কোনো পরীক্ষা ছাড়া সরাসরি সরকারি চাকরির প্রতিশ্রুতি দিয়ে প্রতারকরা সাধারণ মানুষকে ঠকায়।  (""কোনো পরীক্ষা লাগবে না"")
• টাকার বিনিময়ে চাকরি দেওয়ার অফার সম্পূর্ণ অবৈধ এবং এটি একটি সাধারণ জালিয়াতির ফাঁদ।  (""₹৩ লাখ দিলে চাকরি পাকা"")
• চাকরি দেওয়ার আগে অগ্রিম টাকা চাওয়া স্ক্যামারদের একটি পরিচিত কৌশল।  (""প্রথমে ₹৫০,০০০ অ্যাডভান্স"")",,,,
G066,"[Phone call] Caller claimed to be: a family member or friend. Asked to: transfer money. Threat: harm to a family member. Video call or secrecy: no. In their words: অচেনা নম্বর থেকে আমার মেয়ের গলায় কান্নার আওয়াজ, তারপর একজন লোক বলল ওকে আটকে রেখেছে, ₹২ লাখ না দিলে ক্ষতি করবে।",সম্ভবত স্ক্যাম,"এটি একটি প্রতারণার ফোন কল যেখানে আপনার পরিবারের সদস্যের ক্ষতি করার ভয় দেখিয়ে দ্রুত টাকা দাবি করা হয়েছে।
• 'পরিবারের কেউ' ভয় বা গোপনীয়তার সাথে টাকার জন্য চাপ দিচ্ছে।
• স্ক্যামাররা ভয়ে ফেলে টাকা আদায় করার জন্য পরিচিত মানুষের কান্নার নকল আওয়াজ ব্যবহার করে।  (""মেয়ের গলায় কান্নার আওয়াজ"")
• তাড়াতাড়ি টাকা দেওয়ার জন্য হুমকি দেওয়া এবং ক্ষতি করার ভয় দেখানো প্রতারণার একটি সাধারণ লক্ষণ।  (""₹২ লাখ না দিলে ক্ষতি করবে"")",,,,
G078,"Apnar electricity connection aaj raat e kete dewa hobe, bill update hoyni. Ekhuni ei number e call korun 9XXXXXXX88",সম্ভবত স্ক্যাম,"এই মেসেজটি একটি প্রতারণা। বিদ্যুৎ কাটার ভীতি দেখিয়ে একটি ব্যক্তিগত নম্বরে ফোন করতে বলছে।
• আজ রাতে বিদ্যুৎ কেটে দেওয়ার হুমকি দিয়ে কোনো 'অফিসারকে' ফোন করতে বলে। বিদ্যুৎ সংস্থা এমন করে না।  (""electricity connection aaj raat e kete dewa hobe, bill update hoyni. Ekhuni ei n"")
• It uses the threat of cutting off electricity to panic you into calling immediately.  (""Apnar electricity connection aaj raat e kete dewa hobe"")
• It asks you to call a personal mobile number to settle a utility bill.  (""Ekhuni ei number e call korun 9XXXXXXX88"")",,,,
G088,"আপনার অ্যাকাউন্ট XX7741-এ ₹৪৫,০০০ বেতন জমা হয়েছে। -HDFC ব্যাংক",স্ক্যামের কোনো লক্ষণ পাওয়া যায়নি,"এটি আপনার অ্যাকাউন্টে টাকা জমার একটি আসল ব্যাংক মেসেজ, যেখানে কোনো ক্ষতিকারক লিঙ্ক বা পিন চাওয়া হয়নি।
✓ এটি এইচডিএফসি ব্যাঙ্ক থেকে আসা একটি সাধারণ অ্যাকাউন্ট ক্রেডিট অ্যালার্ট মেসেজ।
✓ এই মেসেজে কোনো গোপন পিন, ওটিপি বা লিঙ্ক চাওয়া হয়নি।
✓ বার্তাটিতে টাকা তোলার বা পাঠানোর কোনো সন্দেহজনক চাপ নেই।",,,,
G113,আপনার পার্সেল আজ ডেলিভারি হবে। ডেলিভারি এজেন্টকে OTP ৮১২০ জানান। -Ekart,নিশ্চিত বলা যাচ্ছে না। নিজে যাচাই করুন,আমরা নিশ্চিত নই। নিরাপদে এভাবে যাচাই করুন।,,,,
G120,"আপনার Flipkart রিটার্ন পিকআপ সম্পন্ন হয়েছে। ₹১,৪৯৯ রিফান্ড ৩-৫ দিনের মধ্যে আসবে।",স্ক্যামের কোনো লক্ষণ পাওয়া যায়নি,"এটি আপনার ফ্লিপকার্ট রিটার্ন এবং রিফান্ড সংক্রান্ত একটি আসল বার্তা।
✓ এটি ফ্লিপকার্ট থেকে একটি সাধারণ রিটার্ন ও রিফান্ড আপডেট।
✓ এতে কোনো ব্যক্তিগত তথ্য বা পাসওয়ার্ড চাওয়া হয়নি।",,,,
G142,"Ma, ami bari pouchhe gechi. Tumi osudh ta kheyecho?",স্ক্যামের কোনো লক্ষণ পাওয়া যায়নি,"এটি আপনার কোনো পরিচিত ব্যক্তির সাধারণ মেসেজ, যেখানে কোনো প্রতারণার লক্ষণ নেই।
✓ পরিবারের কোনো সদস্যের মতো স্বাভাবিক ব্যক্তিগত কথা বলছে
✓ কোনো গোপন তথ্য বা ওটিপি চাওয়া হয়নি
✓ টাকা পাঠানোর কোনো চাপ বা অনুরোধ নেই",,,,
G160,"আপনার ইন্টারভিউ সোমবার সকাল ১০টায় সল্টলেক অফিসে। আসল ডকুমেন্ট সঙ্গে আনবেন। -HR, Wipro",নিশ্চিত বলা যাচ্ছে না। নিজে যাচাই করুন,"সোমবারে ইন্টারভিউয়ের জন্য আসার কথা বলা হয়েছে। আপনি যদি আগে আবেদন না করে থাকেন তবে সতর্ক থাকুন।
• কোম্পানির নাম উল্লেখ করা থাকলেও এটি স্ক্যাম হতে পারে যদি না আপনি আগে থেকেই চাকরির জন্য আবেদন করে থাকেন।  (""-HR, Wipro"")",,,,
G166,"আপনার PPF অ্যাকাউন্টে ₹১০,০০০ জমা হয়েছে। -পোস্ট অফিস",নিশ্চিত বলা যাচ্ছে না। নিজে যাচাই করুন,"বার্তাটিতে একটি পোস্ট অফিস অ্যাকাউন্ট জমা হওয়ার কথা বলা হয়েছে, কিন্তু এটি আসল না নকল তা নিশ্চিত হওয়ার জন্য যথেষ্ট তথ্য নেই।
✓ Message mentions a credit to a post office PPF account without any suspicious links or demands.",,,,
G175,"আপনার পেমেন্ট ₹২,২০০ ব্যর্থ হয়েছে। টাকা কাটা হলে ৪৮ ঘণ্টার মধ্যে ফেরত আসবে। -ফোনপে",স্ক্যামের কোনো লক্ষণ পাওয়া যায়নি,"এটি একটি ফোনপে-র পেমেন্ট ব্যর্থ হওয়ার সাধারণ মেসেজ। এতে কোনো লিঙ্কে ক্লিক করতে বা টাকা পাঠাতে বলা হয়নি।
✓ এটি কোনো লিংক বা টাকা পাঠানোর অনুরোধ ছাড়াই সাধারণ তথ্য দিচ্ছে।
✓ টাকা কেটে গেলে ফেরত আসার কথা বলা হয়েছে, যা একটি স্বাভাবিক ব্যাংক বা পেমেন্ট অ্যালার্ট।",,,,
G178,আপনার জন্য একটি বিশেষ ক্রেডিট কার্ড অফার আছে। আগ্রহী হলে YES লিখে পাঠান।,নিশ্চিত বলা যাচ্ছে না। নিজে যাচাই করুন,"অপরিচিত নম্বর থেকে ক্রেডিট কার্ড অফারের একটি বার্তা এসেছে, যা প্রতারণা হতে পারে।
• অপরিচিত নম্বর থেকে পাঠানো এই ধরনের অফার বার্তা ফেক বা প্রতারণামূলক হতে পারে।  (""আপনার জন্য একটি বিশেষ ক্রেডিট কার্ড অফার আছে। আগ্রহী হলে YES লিখে পাঠান।"")",,,,
G181,"Hi, ami apnar building er notun bhadate. Ekta parcel apnar naame eshechhe, kokhon nite ashben?",নিশ্চিত বলা যাচ্ছে না। নিজে যাচাই করুন,"এটি আপনার নতুন ভাড়াটিয়ার কাছ থেকে একটি সাধারণ মেসেজ হতে পারে যে আপনার একটি পার্সেল পেয়েছে, কিন্তু কোন লিঙ্ক বা তথ্য না থাকায় নিশ্চিত হওয়া যাচ্ছে না।",,,,
G185,আপনার মোবাইল নম্বর লাকি নম্বর হিসেবে নির্বাচিত হয়েছে। বিস্তারিত জানতে কল করুন।,সম্ভবত স্ক্যাম,"এই মেসেজে বলা হয়েছে যে আপনার নম্বর লটারিতে জিতেছে এবং কল করতে বলা হয়েছে। এটি একটি প্রতারণার ফাঁদ।
• এমন পুরস্কার বা লটারি জেতার কথা, যাতে আপনি অংশই নেননি।  (""লাকি নম্বর"")
• স্ক্যামাররা মানুষকে লোভ দেখানোর জন্য এরকম পুরস্কার জেতার ভুয়া কথা বলে।  (""লাকি নম্বর হিসেবে নির্বাচিত হয়েছে"")
• এতে অচেনা নম্বরে ফোন করতে বলা হয় যাতে ব্যক্তিগত তথ্য চুরি করা যায়।  (""বিস্তারিত জানতে কল করুন"")",,,,
G188,"নমস্কার, আমরা একটি সার্ভে করছি। ৫ মিনিট সময় দিলে ₹১০০ রিচার্জ পাবেন।",নিশ্চিত বলা যাচ্ছে না। নিজে যাচাই করুন,"এই বার্তাটি এখনও আপনাকে ঝুঁকির কিছু করতে বলছে না। পরের বার্তায় যদি টাকা পাঠাতে, লিঙ্ক খুলতে, কোড জানাতে বা অ্যাপ ইনস্টল করতে বলে, সেটাও যাচাই করুন, আর আগে থেকে জানা নম্বরে ফোন করে নিশ্চিত হয়ে নিন কে পাঠিয়েছে।
• সামান্য কাজের বিনিময়ে টাকা বা রিচার্জ দেওয়ার লোভ দেখিয়ে ফাঁদে ফেলা প্রতারকদের একটি পুরনো কৌশল।  (""৫ মিনিট সময় দিলে ₹১০০ রিচার্জ পাবেন"")",,,,
G192,"Apnar bike er insurance renew korte chaile amake janan, bhalo offer ache.",নিশ্চিত বলা যাচ্ছে না। নিজে যাচাই করুন,"এই বার্তায় আপনার বাইকের বিমা নবায়ন করার অফার দেওয়া হয়েছে, তবে এটি কোনো পরিচিত বীমা সংস্থার অফিসিয়াল নম্বর থেকে আসেনি।",,,,
H010,"শেয়ার বাজারে রোজ ১০,০০০ টাকা আয় করুন! আমাদের বিশেষজ্ঞ টিপস গ্রুপে যোগ দিতে মাত্র ₹২,৯৯৯ দিন। ১০০% গ্যারান্টি, লোকসান হলে টাকা ফেরত।",সম্ভবত স্ক্যাম,"শেয়ার বাজারে প্রতিদিন নিশ্চিত আয়ের লোভ দেখিয়ে এবং গ্রুপে যুক্ত হওয়ার জন্য টাকা চাচ্ছে, যা একটি বিনিয়োগ সংক্রান্ত স্ক্যাম।
• প্রতিদিন নির্দিষ্ট আয়ের প্রতিশ্রুতি দেয়।  (""রোজ ১০,০০০ টাকা আয"")
• এটি শেয়ার বাজারে প্রতিদিন অনেক টাকা আয়ের একটি অতিরিক্ত লোভনীয় ও অসম্ভব প্রতিশ্রুতি।  (""রোজ ১০,০০০ টাকা আয় করুন"")
• বিশেষ টিপস গ্রুপে যোগ দেওয়ার জন্য স্ক্যামাররা সাধারণত টাকা বা ফি দাবি করে।  (""মাত্র ₹২,৯৯৯ দিন"")
• শেয়ার বাজারে শতভাগ নিশ্চিত বা গ্যারান্টিযুক্ত লাভের কোনো সুযোগ নেই।  (""১০০% গ্যারান্টি, লোকসান হলে টাকা ফেরত"")",,,,
H022,"অভিনন্দন! আপনি আমাদের ফরেক্স ট্রেডিং প্রতিযোগিতায় জিতেছেন। পুরস্কারের ₹৩,০০,০০০ তুলতে প্রথমে ₹১৫,০০০ প্রসেসিং ফি জমা দিন।",সম্ভবত স্ক্যাম,"এটি একটি প্রতারণা। অচেনা প্রতিযোগিতা জেতার মিথ্যা লোভ দেখিয়ে টাকা হাতিয়ে নেওয়ার চেষ্টা করা হচ্ছে।
• চাকরি, লোন, পুরস্কার, পার্সেল বা রিফান্ডের আগে ফি চায়।
• এমন পুরস্কার বা লটারি জেতার কথা, যাতে আপনি অংশই নেননি।  (""জিতেছেন"")
• আপনি অংশগ্রহণ না করেই প্রতিযোগিতায় জেতার দাবি করা একটি সাধারণ প্রতারণার ফাঁদ।  (""ফরেক্স ট্রেডিং প্রতিযোগিতায় জিতেছেন"")
• বিনা প্রতিদ্বন্দ্বিতায় জেতা পুরস্কারের টাকা তুলতে আগে টাকা জমা দিতে বলা স্ক্যামের লক্ষণ।  (""₹১৫,০০০ প্রসেসিং ফি জমা দিন"")",,,,
H034,"Ami CBI officer Arvind Sharma. Apnar Aadhaar diye ekta SIM kena hoyeche ja terrorist funding e use hoyeche. Video call e thakun, apnar sob account er taka RBI verification account e transfer korte hobe.",সম্ভবত স্ক্যাম,"এটি একটি ডিজিটাল অ্যারেস্ট স্ক্যাম, যেখানে প্রতারকরা সিবিআই কর্মকর্তা সেজে আপনাকে মিথ্যা মামলায় ফাঁসানোর ভয় দেখিয়ে সব টাকা তাদের অ্যাকাউন্টে পাঠাতে বলছে।
• টাকা কোনো 'নিরাপদ', 'RBI' বা 'ভেরিফিকেশন' অ্যাকাউন্টে সরাতে বলা হয়েছে। কোনো সরকারি সংস্থা এমন বলে না।  (""verification account"")
• প্রতারকরা প্রায়ই ভয় দেখানোর জন্য নিজেদের পুলিশ বা সিবিআই কর্মকর্তা বলে পরিচয় দেয়।  (""Ami CBI officer Arvind Sharma"")
• আইন প্রয়োগকারী সংস্থাগুলো কখনোই ভিডিও কলের মাধ্যমে তদন্ত করে না বা নজরদারিতে রাখে না।  (""Video call e thakun"")
• কোনো সরকারি সংস্থা টাকা সুরক্ষিত রাখার জন্য কোনো ব্যক্তিগত বা বিশেষ অ্যাকাউন্টে স্থানান্তর করতে বলে না।  (""RBI verification account e transfer korte hobe"")",,,,
H047,"আপনার PNB অ্যাকাউন্টের KYC মেয়াদ শেষ। নিচের লিঙ্কে আধার ও কার্ড ডিটেলস দিয়ে আপডেট করুন, না হলে অ্যাকাউন্ট ফ্রিজ হবে: pnb-kyc-online.top",সম্ভবত স্ক্যাম,"এটি একটি জাল মেসেজ। আপনার ব্যাংক অ্যাকাউন্ট বন্ধ হওয়ার ভয় দেখিয়ে ভুয়া লিঙ্কে আধার ও কার্ডের তথ্য চুরি করার চেষ্টা করা হচ্ছে।
• লিঙ্কটি ছোট বা অদ্ভুত ঠিকানা, যাতে বোঝা যায় না সেটা কোথায় নিয়ে যাবে।  (""pnb-kyc-online.top"")
• ব্যাংক অ্যাকাউন্ট ব্লক করার ভয় দেখিয়ে দ্রুত ব্যক্তিগত তথ্য চাওয়া হয়েছে।  (""KYC মেয়াদ শেষ"")",,,,
H058,"রেলওয়েতে চাকরি নিশ্চিত! কোনো পরীক্ষা ছাড়াই সরাসরি নিয়োগ। ₹৫০,০০০ দিলে ৭ দিনের মধ্যে জয়েনিং লেটার। আগ্রহীরা যোগাযোগ করুন।",সম্ভবত স্ক্যাম,"এটি একটি চাকরির প্রতারণা। প্রতারকরা টাকা নিয়ে জাল জয়েনিং লেটার দেওয়ার চেষ্টা করছে।
• চাকরির বিনিময়ে টাকা চাওয়া সম্পূর্ণ অবৈধ এবং প্রতারণার লক্ষণ।  (""₹৫০,০০০ দিলে ৭ দিনের মধ্যে জয়েনিং লেটার।"")
• কোনো পরীক্ষা বা ইন্টারভিউ ছাড়া সরকারি চাকরির প্রতিশ্রুতি সম্পূর্ণ মিথ্যা।  (""কোনো পরীক্ষা ছাড়াই সরাসরি নিয়োগ।"")",,,,
H101,"আপনার অ্যাকাউন্টে ₹১০,০০০ জমা হয়েছে, প্রেরক: অনিতা ঘোষ। বর্তমান ব্যালান্স ₹২৩,৪৫৬। -SBI",স্ক্যামের কোনো লক্ষণ পাওয়া যায়নি,"এটি আপনার ব্যাঙ্ক অ্যাকাউন্ট থেকে আসা একটি আসল মেসেজ, যাতে আপনার অ্যাকাউন্টে টাকা জমা হওয়ার খবর দেওয়া হয়েছে।
✓ এটি একটি সাধারণ ব্যাঙ্কের লেনদেনের অ্যালার্ট যা টাকা জমা হওয়ার তথ্য দিচ্ছে।
✓ এতে কোনো ব্যক্তিগত তথ্য, ওটিপি বা পিন চাওয়া হয়নি।
✓ এতে কোনো ক্ষতিকর লিঙ্ক বা নম্বর নেই।",,,,
H124,"প্রিয় গ্রাহক, আপনার সেপ্টেম্বর ২০২৬-এর বিদ্যুৎ বিল ₹১,২৪০, শেষ তারিখ ১৫-১০-২০২৬। WBSEDCL অ্যাপ বা wbsedcl.in-এ পেমেন্ট করুন। -WBSEDCL",স্ক্যামের কোনো লক্ষণ পাওয়া যায়নি,"এটি ডব্লিউবিএসইডিসিএল (WBSEDCL)-এর একটি আসল বিদ্যুৎ বিলের মেসেজ, যা আপনাকে তাদের অফিসিয়াল অ্যাপ বা ওয়েবসাইটে পেমেন্ট করতে বলছে।
✓ এটি পশ্চিমবঙ্গ বিদ্যুৎ পর্ষদের (WBSEDCL) অফিসিয়াল অ্যাপ এবং ওয়েবসাইট wbsedcl.in-এর মাধ্যমে পেমেন্ট করতে বলছে।
✓ মেসেজে কোনো সন্দেহজনক লিঙ্ক বা ব্যক্তিগত নম্বর দেওয়া নেই, যা সাধারণত স্ক্যামে থাকে।",,,,
H144,"মা, আমি হোস্টেলে পৌঁছে গেছি। ট্রেন একটু লেট ছিল। কাল সকালে ফোন করব।",স্ক্যামের কোনো লক্ষণ পাওয়া যায়নি,"এটি আপনার কোনো আপনজনের পাঠানো একটি স্বাভাবিক বার্তা, যেখানে তিনি নিরাপদে পৌঁছানোর খবর জানিয়েছেন।
✓ এটি পরিবারের একজন সদস্যের সাধারণ বার্তা।
✓ এটিতে কোনো টাকা চাওয়া হয়নি বা কোনো ভীতিপ্রদর্শন নেই।
✓ এটিতে কোনো সন্দেহজনক লিংক বা অজানা নম্বর নেই।",,,,
H183,"হ্যালো, আমি আপনার পুরোনো সহকর্মী। অনেকদিন যোগাযোগ নেই। একটু কথা বলা যাবে?",নিশ্চিত বলা যাচ্ছে না। নিজে যাচাই করুন,"এটি অপরিচিত কোনো নম্বর থেকে আসা একটি সাধারণ মেসেজ যাতে কোনো দাবি বা ভয়ের কারণ নেই, তবে এটি জালিয়াতির প্রথম ধাপ হতে পারে।",,,,
H186,"Dada ami tomar facebook friend. Ekta help lagbe, call korte parbe?",নিশ্চিত বলা যাচ্ছে না। নিজে যাচাই করুন,"এই বার্তাটি এখনও আপনাকে ঝুঁকির কিছু করতে বলছে না। পরের বার্তায় যদি টাকা পাঠাতে, লিঙ্ক খুলতে, কোড জানাতে বা অ্যাপ ইনস্টল করতে বলে, সেটাও যাচাই করুন, আর আগে থেকে জানা নম্বরে ফোন করে নিশ্চিত হয়ে নিন কে পাঠিয়েছে।
• স্ক্যামাররা প্রায়ই পরিচিত সেজে হঠাৎ সাহায্যের জন্য ফোন করতে বলে।  (""Ekta help lagbe, call korte parbe?"")",,,,
