item,message,your label (scam / genuine / ambiguous),"scam type, if scam",notes
L01,"Hi, I'm Priya from Mumbai. Sorry, wrong number! By the way I trade crypto with my uncle who works at a hedge fund, I made ₹3 lakh this month. Want me to show you how?",,,
L02,"Work from home with Flipkart! Earn ₹30,000-₹60,000 a month packing products. Pay ₹1,200 for the starter kit and ID card. Limited vacancies.",,,
L03,"Papa main Rahul, ek accident ho gaya hai, police station me hoon. Kisi ko mat batana, abhi ₹40,000 is number pe Google Pay kar do, inspector se baat ho gayi hai.",,,
L04,"Sir aapka refund ₹1,299 process ho gaya hai. Paise receive karne ke liye jo payment request aayi hai usme apna UPI PIN daalein.",,,
L05,"[Phone call] Caller claimed to be: police, CBI, customs, ED or a court. Asked to: stay on the call or keep the camera on, transfer money. Threat: arrest or a legal case. Video call or secrecy: yes. In their words: फोन करने वाले ने खुद को CBI अफसर बताया। बोला मेरे आधार कार्ड से मनी लॉन्ड्रिंग हुई है, वीडियो कॉल पर बने रहने को कहा और जांच पूरी होने तक सारे पैसे ट्रांसफर करने को बोला।",,,
L06,"Hey it's me, new number. Save it.",,,
L07,आपका नया डेबिट कार्ड सक्रिय हो गया है। कार्ड का PIN किसी के साथ साझा न करें। -यूनियन बैंक,,,
L08,"[Phone call] Caller claimed to be: someone else, or not sure. Asked to: personal details (Aadhaar, bank details or date of birth). Threat: no threat. Video call or secrecy: no. In their words: A woman said she was doing a survey for a mobile network and asked my age and which SIM I use. She didn't ask for anything else.",,,
L09,"নমস্কার, আমরা একটি সার্ভে করছি। ৫ মিনিট সময় দিলে ₹১০০ রিচার্জ পাবেন।",,,
L10,"बधाई हो! आपने KBC लॉटरी में ₹25 लाख जीते हैं। इनाम पाने के लिए ₹12,500 प्रोसेसिंग फीस जमा करें और व्हाट्सऐप पर संपर्क करें।",,,
L11,Your Netflix membership is on hold. Update your payment details to continue watching.,,,
L12,"Hi, sorry to bother you. Is this Rohan from the gym? You left your water bottle at the front desk.",,,
L13,आपके नंबर से एक शिकायत दर्ज हुई है। अधिक जानकारी के लिए 9 दबाएं।,,,
L14,"আপনার Flipkart রিটার্ন পিকআপ সম্পন্ন হয়েছে। ₹১,৪৯৯ রিফান্ড ৩-৫ দিনের মধ্যে আসবে।",,,
L15,आपका डेबिट कार्ड XX4410 सुरक्षा कारणों से ब्लॉक कर दिया गया है क्योंकि एक संदिग्ध लेनदेन का प्रयास हुआ। नया कार्ड पाने के लिए अपने बैंक ऐप या शाखा से संपर्क करें। -SBI,,,
L16,Hey! Our mutual friend Ankit added you. I run a small group where we copy trades from a Singapore fund manager. 12% weekly returns guaranteed. Minimum ₹25k. Interested?,,,
L17,DTDC: Your consignment X4421XXXX was delivered at 3:15 PM and received by Sunita.,,,
L18,Notice from Central Bureau of Investigation: Your PAN is linked to an illegal transaction of ₹6.8 crore. You must appear on a video call for verification within 1 hour or face immediate arrest. Do not discuss this with anyone.,,,
L19,Your Swiggy Instamart order is out for delivery. Give OTP 5530 to the delivery partner to receive it.,,,
L20,"নমস্কার, আমি একটি এনজিও থেকে বলছি। বন্যাত্রাণে সাহায্য করতে চাইলে এই অ্যাকাউন্টে দান করুন।",,,
L21,Can you pick up the kids from school today? I'm stuck in a meeting till 5.,,,
L22,"Hello sir, aapki purani insurance policy ka bonus pending hai. Details ke liye call back karein.",,,
L23,This is an automated message from your electricity provider. Your bill payment is pending. Press 1 to talk to our executive.,,,
L24,"Your friend Rohit invited you to a Pre-IPO investment opportunity in a fast-growing startup. Minimum ticket ₹1 lakh, guaranteed 5x listing gains.",,,
L25,Exclusive: Mukesh Ambani's new investment platform lets ordinary Indians earn ₹1 lakh a week. Government backed. Register now before it closes: quantum-ai-india.online,,,
L26,"Dear customer, your request has been received. Our executive will contact you shortly.",,,
L27,"[Phone call] Caller claimed to be: a bank or RBI. Asked to: share an OTP, PIN or card details. Threat: blocking an account, card or SIM. Video call or secrecy: no. In their words: নিজেকে SBI-এর অফিসার বলে বলল আমার কার্ড আপগ্রেড হবে, তার জন্য মোবাইলে আসা OTP বলতে হবে।",,,
L28,"Paise double scheme: 50 hazar do, 45 din me 1 lakh lo. Pura legal hai, company ka GST number bhi hai. Sirf 10 slot bache hain.",,,
L29,"Hi, I found your wallet near the station. It has your ID. How can I return it?",,,
L30,আপনার পুরোনো মোবাইল এক্সচেঞ্জ করুন সেরা দামে! আমাদের দোকানে আসুন।,,,
L31,"Hi, this is Anjali from Croma. You won our in-store lucky draw! Visit the Indiranagar store with your bill to collect your prize.",,,
L32,CESC: Scheduled power maintenance in your area (Behala) on 08-10-2026 from 10 AM to 2 PM. We regret the inconvenience.,,,
L33,"Elon Musk is giving away Bitcoin to Indian fans! Send 0.01 BTC and receive 0.1 BTC back. Official event, only today.",,,
L34,"Society notice: Kal subah 10 se 2 baje tak paani ki supply band rahegi, tank saaf hoga. Kripya paani bhar ke rakhein. - Secretary",,,
L35,"Ma, ami bari pouchhe gechi. Tumi osudh ta kheyecho?",,,
L36,"[Phone call] Caller claimed to be: police, CBI, customs, ED or a court. Asked to: transfer money, stay on the call or keep the camera on. Threat: arrest or a legal case. Video call or secrecy: yes. In their words: They showed a fake arrest warrant with my photo on a video call and said I need to transfer all my savings to a Supreme Court verified account which will be returned after the investigation.",,,
L37,"हमारे फॉरेक्स ग्रुप ने इस हफ्ते 60% मुनाफा दिया। आप भी कम से कम ₹50,000 जमा करें, मुनाफा गारंटीड है।",,,
L38,"Hello, main ek company ka HR hoon. Aapka resume Naukri se mila. Interview ke liye ₹1,500 ka slot booking charge lagega, abhi pay karein.",,,
L39,পাসপোর্ট সেবা: আপনার পুলিশ ভেরিফিকেশন সম্পন্ন হয়েছে। পাসপোর্ট শীঘ্রই প্রিন্ট করে পাঠানো হবে। স্ট্যাটাস দেখুন passportindia.gov.in-এ।,,,
L40,Your UPI Lite balance is low (₹45). Top up from the BHIM app to continue making small payments. -BHIM,,,
L41,Your credit score has changed. Check your latest score now.,,,
L42,Your Paytm wallet KYC is complete. You can now send money to bank accounts. -Paytm,,,
L43,"Your Amazon account was signed in from a new device. If this was you, ignore this message.",,,
L44,"আপনার ইন্টারভিউ সোমবার সকাল ১০টায় সল্টলেক অফিসে। আসল ডকুমেন্ট সঙ্গে আনবেন। -HR, Wipro",,,
L45,"सिर्फ ₹999 में हमारा स्टॉक मास्टर कोर्स लें और पहले महीने में ₹50,000 कमाने की गारंटी पाएं, नहीं तो पैसा वापस।",,,
L46,"Hi, I saw your bicycle listing. I'm out of town, can my driver pick it up? I'll pay online.",,,
L47,"[Phone call] Caller claimed to be: a bank or RBI. Asked to: nothing yet. Threat: no threat. Video call or secrecy: no. In their words: बैंक से फोन आया, बोले आपके खाते में नॉमिनी अपडेट नहीं है, शाखा आकर फॉर्म भर दीजिए।",,,
L48,"आपका पैन कार्ड आपके बैंक खाते से लिंक नहीं है, खाता आज बंद हो जाएगा। तुरंत यहाँ क्लिक करें: bit.ly/pan-link-sbi",,,
L49,सीबीआई मुख्यालय नई दिल्ली: आपके आधार नंबर से जुड़े खाते में मनी लॉन्ड्रिंग पाई गई है। आपके खिलाफ गिरफ्तारी वारंट जारी हुआ है। तुरंत वीडियो कॉल पर जुड़ें और किसी को न बताएं।,,,
L50,"मैं मुंबई पुलिस से इंस्पेक्टर विनोद बोल रहा हूँ। आपके नाम पर गैरकानूनी पार्सल पकड़ा गया है। आप डिजिटल अरेस्ट में हैं, कॉल मत काटिए।",,,
L51,"Income Tax Department: Your ITR for AY 2026-27 has been processed. A refund of ₹4,320 has been issued to your bank account XX4521. -incometax.gov.in",,,
L52,"Apnar Swiggy order er delivery partner bolchi. Building er gate bondho, ektu niche ashben?",,,
L53,"আপনার LIC পলিসি নং XXXX5521-এর প্রিমিয়াম ₹১২,৪৫০ বাকি, শেষ তারিখ ২০-১০-২০২৬। LIC-র অফিসিয়াল ওয়েবসাইট licindia.in বা নিকটবর্তী শাখায় জমা দিন।",,,
L54,मतदाता सूची में आपका नाम सफलतापूर्वक जोड़ दिया गया है। अपना e-EPIC voters.eci.gov.in से डाउनलोड करें। -भारत निर्वाचन आयोग,,,
L55,Low balance alert: Your FASTag linked to vehicle WB02XX4521 has ₹85. Recharge via your issuer bank's app to avoid paying double toll. -ICICI Bank FASTag,,,
L56,"प्रिय ग्राहक, अपना सिम कार्ड 4G में अपग्रेड करने के लिए नज़दीकी स्टोर पर जाएँ या कस्टमर केयर से संपर्क करें।",,,
L57,"भाभी, शादी का कार्ड छपकर आ गया है। रविवार को घर आकर दे जाऊँगी। सबको मेरा नमस्ते कहना।",,,
L58,"आपके वाहन DL3CXX1234 पर ₹500 का ई-चालान जारी हुआ है (सिग्नल उल्लंघन, 02-10-2026)। विवरण देखें और भुगतान करें: echallan.parivahan.gov.in",,,
L59,"Hi, I'm Priya from TalentBridge Consulting. We came across your profile on Naukri for a Data Analyst role in Bengaluru. Can I share the job description?",,,
L60,"आपकी ₹1,00,000 की FD 12 महीने के लिए 7.1% प्रति वर्ष की दर से बुक हो गई है। -SBI",,,
