item,dataset id
L01,H009
L02,G055
L03,H065
L04,H053
L05,N002
L06,G182
L07,G101
L08,N042
L09,G188
L10,G083
L11,H195
L12,N031
L13,H191
L14,G120
L15,H092
L16,H023
L17,G117
L18,G023
L19,G122
L20,H193
L21,G143
L22,G179
L23,N044
L24,G018
L25,H017
L26,G191
L27,G039
L28,G010
L29,G187
L30,G199
L31,N049
L32,H129
L33,G015
L34,H152
L35,G142
L36,G025
L37,G013
L38,G062
L39,H140
L40,H099
L41,G189
L42,G097
L43,G180
L44,G160
L45,G019
L46,H192
L47,H199
L48,H045
L49,H027
L50,G024
L51,H135
L52,N048
L53,H098
L54,H138
L55,H132
L56,H196
L57,H151
L58,H133
L59,N038
L60,G098
