where,key,English,Hindi,Hindi ok? (yes / no),Hindi fix,Bengali,Bengali ok? (yes / no),Bengali fix
verdict label,scam,Likely scam,संभवतः स्कैम,,,সম্ভবত স্ক্যাম,,
headline,scam,This looks like a scam.,यह स्कैम लगता है।,,,এটা স্ক্যাম বলে মনে হচ্ছে।,,
verdict label,unsure,Can't tell. Verify it yourself,पक्का नहीं कह सकते। खुद जाँचें,,,নিশ্চিত বলা যাচ্ছে না। নিজে যাচাই করুন,,
headline,unsure,We can't be sure. Here's how to check safely.,हम पक्का नहीं कह सकते। सुरक्षित तरीके से ऐसे जाँचें।,,,আমরা নিশ্চিত নই। নিরাপদে এভাবে যাচাই করুন।,,
verdict label,no_signs,No scam signs found,स्कैम के कोई संकेत नहीं मिले,,,স্ক্যামের কোনো লক্ষণ পাওয়া যায়নি,,
headline,no_signs,We found no common scam signs. That isn't a guarantee.,हमें स्कैम के आम संकेत नहीं मिले। यह कोई गारंटी नहीं है।,,,আমরা স্ক্যামের সাধারণ লক্ষণ পাইনি। এটা কোনো গ্যারান্টি নয়।,,
scam type,investment,"Investment, trading or task scam","निवेश, ट्रेडिंग या टास्क स्कैम",,,"বিনিয়োগ, ট্রেডিং বা টাস্ক স্ক্যাম",,
scam type,digital_arrest,Digital arrest: fake police or officials,डिजिटल अरेस्ट: नकली पुलिस या अधिकारी,,,ডিজিটাল অ্যারেস্ট: ভুয়ো পুলিশ বা অফিসার,,
scam type,bank_kyc,"Fake bank, KYC or card message","नकली बैंक, KYC या कार्ड संदेश",,,"ভুয়ো ব্যাংক, KYC বা কার্ডের বার্তা",,
scam type,fake_payment,"Fake payment, refund or 'sent by mistake'","नकली पेमेंट, रिफंड या 'गलती से भेजे पैसे'",,,"ভুয়ো পেমেন্ট, রিফান্ড বা 'ভুল করে পাঠানো টাকা'",,
scam type,fake_job,Fake job or work-from-home offer,नकली नौकरी या वर्क-फ्रॉम-होम ऑफर,,,ভুয়ো চাকরি বা ঘরে বসে কাজের অফার,,
scam type,family_emergency,Family emergency or voice-clone call,परिवार की इमरजेंसी या नकली आवाज़ वाला कॉल,,,পরিবারের বিপদ বা নকল গলার কল,,
scam type,parcel,Courier or customs parcel scam,कूरियर या कस्टम पार्सल स्कैम,,,কুরিয়ার বা কাস্টমস পার্সেল স্ক্যাম,,
scam type,bill_challan,"Bill, e-challan or service cut-off threat","बिल, ई-चालान या कनेक्शन काटने की धमकी",,,"বিল, ই-চালান বা সংযোগ কাটার হুমকি",,
scam type,other,Other suspicious message,अन्य संदिग्ध संदेश,,,অন্য সন্দেহজনক বার্তা,,
next step,scam 1,"Don't pay, click any link, or share an OTP, UPI PIN or card details.","पैसे न भेजें, किसी लिंक पर क्लिक न करें, और OTP, UPI पिन या कार्ड की जानकारी किसी को न दें।",,,"টাকা পাঠাবেন না, কোনো লিঙ্কে ক্লিক করবেন না, আর OTP, UPI পিন বা কার্ডের তথ্য কাউকে দেবেন না।",,
next step,scam 2,Block the sender and report the message or call on Chakshu at sancharsaathi.gov.in.,भेजने वाले को ब्लॉक करें और sancharsaathi.gov.in पर चक्षु में इस संदेश या कॉल की शिकायत करें।,,,প্রেরককে ব্লক করুন এবং sancharsaathi.gov.in-এ চক্ষু-তে এই বার্তা বা কলের অভিযোগ জানান।,,
next step,scam 3,"If you've already paid or shared details, call 1930 right away or report at cybercrime.gov.in.","अगर आपने पैसे भेज दिए हैं या जानकारी दे दी है, तो तुरंत 1930 पर कॉल करें या cybercrime.gov.in पर शिकायत करें।",,,"যদি টাকা পাঠিয়ে থাকেন বা তথ্য দিয়ে থাকেন, এখনই ১৯৩০-এ ফোন করুন বা cybercrime.gov.in-এ অভিযোগ করুন।",,
next step,unsure 1,"Don't act on this message yet: don't pay, click or reply.","अभी इस संदेश पर कुछ न करें: न पैसे भेजें, न लिंक खोलें, न जवाब दें।",,,"এখনই এই বার্তা অনুযায়ী কিছু করবেন না: টাকা পাঠাবেন না, লিঙ্ক খুলবেন না, উত্তর দেবেন না।",,
next step,unsure 2,"Check directly with the organisation through its official app, or a number you look up yourself. Never use a number or link from the message.",संस्था से सीधे उसकी आधिकारिक ऐप या खुद ढूंढे गए नंबर से पुष्टि करें। संदेश में दिया नंबर या लिंक कभी इस्तेमाल न करें।,,,সংস্থার অফিসিয়াল অ্যাপ বা নিজে খুঁজে পাওয়া নম্বরে সরাসরি যাচাই করুন। বার্তায় দেওয়া নম্বর বা লিঙ্ক কখনও ব্যবহার করবেন না।,,
next step,unsure 3,"Never share an OTP, UPI PIN or CVV, whoever asks.","OTP, UPI पिन या CVV कभी किसी को न बताएं, चाहे कोई भी मांगे।",,,"OTP, UPI পিন বা CVV কখনও কাউকে বলবেন না, যে-ই চাক না কেন।",,
next step,no_signs 1,"We found no common scam signs, but that isn't a guarantee.","हमें स्कैम के आम संकेत नहीं मिले, लेकिन यह कोई गारंटी नहीं है।",,,"আমরা স্ক্যামের সাধারণ কোনো লক্ষণ পাইনি, তবে এটা কোনো গ্যারান্টি নয়।",,
next step,no_signs 2,"Never share an OTP, UPI PIN or CVV, whoever asks.","OTP, UPI पिन या CVV कभी किसी को न बताएं, चाहे कोई भी मांगे।",,,"OTP, UPI পিন বা CVV কখনও কাউকে বলবেন না, যে-ই চাক না কেন।",,
next step,no_signs 3,"If anything feels off later, check through the official app or call 1930 for help.",बाद में कुछ भी अजीब लगे तो आधिकारिक ऐप से जाँचें या मदद के लिए 1930 पर कॉल करें।,,,পরে কিছু অস্বাভাবিক লাগলে অফিসিয়াল অ্যাপে যাচাই করুন বা সাহায্যের জন্য ১৯৩০-এ ফোন করুন।,,
how to check,investment,Check any adviser on SEBI Check (siportal.sebi.gov.in/intermediary/sebi-check). Registered brokers collect money only through UPI IDs ending in @valid.,किसी भी सलाहकार को SEBI Check (siportal.sebi.gov.in/intermediary/sebi-check) पर जाँचें। पंजीकृत ब्रोकर सिर्फ @valid वाली UPI ID से पैसे लेते हैं।,,,যেকোনো উপদেষ্টাকে SEBI Check (siportal.sebi.gov.in/intermediary/sebi-check)-এ যাচাই করুন। রেজিস্টার্ড ব্রোকার শুধু @valid যুক্ত UPI ID-তে টাকা নেয়।,,
how to check,digital_arrest,"Police, CBI, customs or courts never arrest anyone on a video call or ask for money to 'verify' you. Hang up and call 1930.","पुलिस, सीबीआई, कस्टम या कोर्ट कभी वीडियो कॉल पर गिरफ्तारी नहीं करते और 'जांच' के लिए पैसे नहीं मांगते। कॉल काटें और 1930 पर बताएं।",,,"পুলিশ, সিবিআই, কাস্টমস বা আদালত কখনও ভিডিও কলে গ্রেফতার করে না বা 'যাচাইয়ের' জন্য টাকা চায় না। ফোন কেটে ১৯৩০-এ জানান।",,
how to check,bank_kyc,"Open your bank's official app, or call the number on the back of your card. Banks never send links for KYC or ask for OTPs.",अपने बैंक की आधिकारिक ऐप खोलें या कार्ड के पीछे लिखे नंबर पर कॉल करें। बैंक KYC के लिए लिंक नहीं भेजते और OTP नहीं मांगते।,,,আপনার ব্যাংকের অফিসিয়াল অ্যাপ খুলুন বা কার্ডের পিছনে লেখা নম্বরে ফোন করুন। ব্যাংক KYC-র জন্য লিঙ্ক পাঠায় না এবং OTP চায় না।,,
how to check,fake_payment,"Check your own bank SMS or UPI app. A screenshot can never prove a payment, and you never need a PIN to receive money.","अपने बैंक का SMS या UPI ऐप खुद जाँचें। स्क्रीनशॉट से पेमेंट साबित नहीं होता, और पैसे पाने के लिए कभी पिन नहीं लगता।",,,"নিজের ব্যাংকের SMS বা UPI অ্যাপ দেখুন। স্ক্রিনশট দিয়ে পেমেন্ট প্রমাণ হয় না, আর টাকা পেতে কখনও পিন লাগে না।",,
how to check,fake_job,"Real employers never charge a fee for a job, training or an offer letter. Check the company's careers page yourself.","असली कंपनियां नौकरी, ट्रेनिंग या ऑफर लेटर के लिए कभी फीस नहीं लेतीं। कंपनी की करियर वेबसाइट खुद देखें।",,,"আসল কোম্পানি চাকরি, ট্রেনিং বা অফার লেটারের জন্য কখনও টাকা নেয় না। কোম্পানির ক্যারিয়ার পেজ নিজে দেখুন।",,
how to check,family_emergency,"Hang up and call the person back on the number you already have, or ask a question only they would know.","कॉल काटें और उस व्यक्ति को उसके पुराने, जाने-पहचाने नंबर पर खुद कॉल करें, या ऐसा सवाल पूछें जिसका जवाब सिर्फ वही जानता हो।",,,"ফোন কেটে মানুষটিকে তাঁর পুরোনো, চেনা নম্বরে নিজে ফোন করুন, বা এমন প্রশ্ন করুন যার উত্তর শুধু তিনিই জানেন।",,
how to check,parcel,Track parcels only on the courier's official website or app. Couriers don't ask for fees through links.,पार्सल सिर्फ कूरियर कंपनी की आधिकारिक वेबसाइट या ऐप पर ट्रैक करें। कूरियर लिंक भेजकर फीस नहीं मांगते।,,,পার্সেল শুধু কুরিয়ার কোম্পানির অফিসিয়াল ওয়েবসাইট বা অ্যাপে ট্র্যাক করুন। কুরিয়ার লিঙ্ক পাঠিয়ে ফি চায় না।,,
how to check,bill_challan,Pay bills only in your provider's official app or website. Check e-challans at echallan.parivahan.gov.in.,बिल सिर्फ अपनी कंपनी की आधिकारिक ऐप या वेबसाइट पर भरें। ई-चालान echallan.parivahan.gov.in पर जाँचें।,,,বিল শুধু আপনার সংস্থার অফিসিয়াল অ্যাপ বা ওয়েবসাইটে দিন। ই-চালান echallan.parivahan.gov.in-এ যাচাই করুন।,,
how to check,other,Look up the organisation's official contact yourself and check with them directly.,संस्था का आधिकारिक संपर्क खुद ढूंढें और सीधे उनसे पुष्टि करें।,,,সংস্থার অফিসিয়াল যোগাযোগ নিজে খুঁজে সরাসরি তাদের সাথে যাচাই করুন।,,
already paid,1,Call 1930 now (National Cyber Crime Helpline). The first hours matter most.,अभी 1930 पर कॉल करें (राष्ट्रीय साइबर अपराध हेल्पलाइन)। शुरुआती घंटे सबसे ज़रूरी हैं।,,,এখনই ১৯৩০-এ ফোন করুন (জাতীয় সাইবার ক্রাইম হেল্পলাইন)। প্রথম কয়েক ঘণ্টাই সবচেয়ে জরুরি।,,
already paid,2,"Report at cybercrime.gov.in and keep screenshots, transaction IDs and the sender's number.","cybercrime.gov.in पर शिकायत दर्ज करें और स्क्रीनशॉट, ट्रांज़ैक्शन ID और भेजने वाले का नंबर संभालकर रखें।",,,"cybercrime.gov.in-এ অভিযোগ করুন এবং স্ক্রিনশট, ট্রানজ্যাকশন আইডি ও প্রেরকের নম্বর রেখে দিন।",,
already paid,3,"Call your bank's official helpline to block your card, UPI or account. Change your UPI PIN and passwords.","अपने बैंक की आधिकारिक हेल्पलाइन पर कॉल करके कार्ड, UPI या खाता ब्लॉक कराएं। UPI पिन और पासवर्ड बदलें।",,,"ব্যাংকের অফিসিয়াল হেল্পলাইনে ফোন করে কার্ড, UPI বা অ্যাকাউন্ট ব্লক করান। UPI পিন ও পাসওয়ার্ড বদলান।",,
red flag,injection,Contains hidden instructions aimed at AI checkers. Real organisations never do this.,इसमें AI जाँचने वाले टूल के लिए छिपे निर्देश हैं। असली संस्थाएं ऐसा कभी नहीं करतीं।,,,এতে AI যাচাইকারীর জন্য লুকোনো নির্দেশ আছে। আসল সংস্থা কখনও এমন করে না।,,
red flag,asks_secret,"Asks you to share an OTP, PIN, CVV or password. Banks and real companies never ask for these.","OTP, पिन, CVV या पासवर्ड बताने को कहा गया है। बैंक और असली कंपनियां ये कभी नहीं मांगतीं।",,,"OTP, পিন, CVV বা পাসওয়ার্ড জানাতে বলা হয়েছে। ব্যাংক বা আসল কোম্পানি এগুলো কখনও চায় না।",,
red flag,pin_to_receive,Asks you to enter a PIN or approve a request to receive money. You never need a PIN to receive money; this sends money out.,"पैसे पाने के लिए पिन डालने या रिक्वेस्ट मंज़ूर करने को कहा गया है। पैसे पाने के लिए पिन कभी नहीं लगता, इससे पैसा आपके खाते से जाता है।",,,"টাকা পাওয়ার জন্য পিন দিতে বা রিকোয়েস্ট অনুমোদন করতে বলা হয়েছে। টাকা পেতে কখনও পিন লাগে না, এতে আপনার অ্যাকাউন্ট থেকে টাকা চলে যায়।",,
red flag,remote_access,Asks you to install an app or share your screen. That can let a stranger control your phone.,कोई ऐप इंस्टॉल करने या स्क्रीन शेयर करने को कहा गया है। इससे कोई अजनबी आपका फोन चला सकता है।,,,কোনো অ্যাপ ইনস্টল করতে বা স্ক্রিন শেয়ার করতে বলা হয়েছে। এতে অচেনা কেউ আপনার ফোন নিয়ন্ত্রণ করতে পারে।,,
red flag,apk_file,Sends an app file (.apk) to install outside the Play Store. These apps often steal OTPs and bank details.,Play Store के बाहर से ऐप (.apk फ़ाइल) इंस्टॉल करने को कहा गया है। ऐसी ऐप अक्सर OTP और बैंक जानकारी चुराती हैं।,,,Play Store-এর বাইরে থেকে অ্যাপ (.apk ফাইল) ইনস্টল করতে বলা হয়েছে। এমন অ্যাপ প্রায়ই OTP ও ব্যাংকের তথ্য চুরি করে।,,
red flag,digital_arrest,Threatens arrest by police or officials and keeps you on a call. There is no such thing as a 'digital arrest'.,पुलिस या अधिकारी बनकर गिरफ्तारी की धमकी और कॉल पर रोके रखना। 'डिजिटल अरेस्ट' जैसी कोई चीज़ नहीं होती।,,,পুলিশ বা অফিসার সেজে গ্রেফতারের ভয় দেখানো এবং কলে আটকে রাখা। 'ডিজিটাল অ্যারেস্ট' বলে কিছু হয় না।,,
red flag,safe_account,"Asks you to move money to a 'safe', 'RBI' or 'verification' account. No agency ever asks for this.","पैसे किसी 'सुरक्षित', 'RBI' या 'वेरिफिकेशन' खाते में भेजने को कहा गया है। कोई भी सरकारी संस्था ऐसा नहीं कहती।",,,"টাকা কোনো 'নিরাপদ', 'RBI' বা 'ভেরিফিকেশন' অ্যাকাউন্টে সরাতে বলা হয়েছে। কোনো সরকারি সংস্থা এমন বলে না।",,
red flag,official_fee_personal_upi,Asks you to pay an official fine or fee to a personal UPI ID. Government payments never go to personal IDs.,सरकारी जुर्माना या फीस किसी निजी UPI ID पर भरने को कहा गया है। सरकारी भुगतान कभी निजी ID पर नहीं होते।,,,সরকারি জরিমানা বা ফি কোনো ব্যক্তিগত UPI ID-তে দিতে বলা হয়েছে। সরকারি পেমেন্ট কখনও ব্যক্তিগত ID-তে যায় না।,,
red flag,guaranteed_returns,Promises guaranteed or very high returns in a short time. Real investments never guarantee profits.,कम समय में पक्का या बहुत ज़्यादा मुनाफा देने का वादा। असली निवेश में मुनाफे की गारंटी नहीं होती।,,,অল্প সময়ে নিশ্চিত বা খুব বেশি লাভের প্রতিশ্রুতি। আসল বিনিয়োগে লাভের গ্যারান্টি থাকে না।,,
red flag,task_scam,"Pays you to like, rate or review things, or asks you to pay to unlock earnings. This is a known task scam.","लाइक, रेटिंग या रिव्यू करने पर पैसे देने का लालच, या कमाई निकालने के लिए पैसे जमा कराना। यह जाना-माना टास्क स्कैम है।",,,"লাইক, রেটিং বা রিভিউ করলে টাকা দেওয়ার লোভ, বা আয় তুলতে টাকা জমা করানো। এটা পরিচিত টাস্ক স্ক্যাম।",,
red flag,power_cut_threat,Threatens to cut your electricity tonight and asks you to call an 'officer'. Power companies don't do this.,आज रात बिजली काटने की धमकी देकर किसी 'अधिकारी' को कॉल करने को कहता है। बिजली कंपनियां ऐसा नहीं करतीं।,,,আজ রাতে বিদ্যুৎ কেটে দেওয়ার হুমকি দিয়ে কোনো 'অফিসারকে' ফোন করতে বলে। বিদ্যুৎ সংস্থা এমন করে না।,,
red flag,secrecy,Tells you to keep it secret from family or others.,परिवार या दूसरों से बात छिपाने को कहता है।,,,পরিবার বা অন্যদের কাছে গোপন রাখতে বলে।,,
red flag,new_number_money,Someone on a 'new number' is asking for money.,'नए नंबर' से कोई पैसे मांग रहा है।,,,'নতুন নম্বর' থেকে কেউ টাকা চাইছে।,,
red flag,upfront_fee,"Asks for a fee before you get a job, loan, prize, parcel or refund.","नौकरी, लोन, इनाम, पार्सल या रिफंड से पहले फीस मांगता है।",,,"চাকরি, লোন, পুরস্কার, পার্সেল বা রিফান্ডের আগে ফি চায়।",,
red flag,personal_upi_payment,Asks you to pay a personal UPI ID instead of an official one.,किसी आधिकारिक ID की जगह निजी UPI ID पर पैसे भेजने को कहता है।,,,অফিসিয়াল ID-র বদলে ব্যক্তিগত UPI ID-তে টাকা পাঠাতে বলে।,,
red flag,prize_lottery,Says you've won a prize or lottery you never entered.,"ऐसे इनाम या लॉटरी जीतने की बात, जिसमें आपने भाग ही नहीं लिया।",,,"এমন পুরস্কার বা লটারি জেতার কথা, যাতে আপনি অংশই নেননি।",,
red flag,lookalike_domain,The link looks like a well-known brand's site but isn't its official address.,"लिंक किसी जानी-मानी कंपनी जैसा दिखता है, पर उसका आधिकारिक पता नहीं है।",,,"লিঙ্কটি কোনো পরিচিত কোম্পানির মতো দেখতে, কিন্তু তাদের অফিসিয়াল ঠিকানা নয়।",,
red flag,risky_link,The link uses a short or unusual web address that hides where it goes.,"लिंक छोटा या अजीब वेब पता है, जिससे पता नहीं चलता कि वह कहाँ ले जाएगा।",,,"লিঙ্কটি ছোট বা অদ্ভুত ঠিকানা, যাতে বোঝা যায় না সেটা কোথায় নিয়ে যাবে।",,
red flag,lure_link,"The link's address uses words like 'kyc', 'refund' or 'verify' on a site that isn't official.","लिंक के पते में 'kyc', 'refund' या 'verify' जैसे शब्द हैं, पर वेबसाइट आधिकारिक नहीं है।",,,"লিঙ্কের ঠিকানায় 'kyc', 'refund' বা 'verify'-এর মতো শব্দ, কিন্তু সাইটটি অফিসিয়াল নয়।",,
red flag,daily_earnings,Promises fixed earnings every day.,हर दिन तय कमाई का वादा करता है।,,,প্রতিদিন নির্দিষ্ট আয়ের প্রতিশ্রুতি দেয়।,,
red flag,family_pressure,A 'family member' is pressuring you for money with fear or secrecy.,'परिवार का सदस्य' डर या राज़दारी के साथ पैसे के लिए दबाव डाल रहा है।,,,'পরিবারের কেউ' ভয় বা গোপনীয়তার সাথে টাকার জন্য চাপ দিচ্ছে।,,
red flag,official_asks_money,Someone claiming to be an official or a company asked you to transfer money on a call.,अधिकारी या कंपनी बनकर किसी ने कॉल पर पैसे ट्रांसफर करने को कहा।,,,অফিসার বা কোম্পানি সেজে কেউ ফোনে টাকা পাঠাতে বলেছে।,,
red flag,return_request,A stranger asks you to return money 'sent by mistake'. Check your own bank first: this is a common trick.,कोई अजनबी 'गलती से भेजे' पैसे लौटाने को कह रहा है। पहले अपना बैंक खुद जाँचें: यह आम चाल है।,,,অচেনা কেউ 'ভুল করে পাঠানো' টাকা ফেরত চাইছে। আগে নিজের ব্যাংক দেখুন: এটা পরিচিত কৌশল।,,
red flag,screenshot_claim,Uses a screenshot as proof of payment. A screenshot can be faked; only your own bank or UPI app is proof.,पेमेंट के सबूत के तौर पर स्क्रीनशॉट दिखाता है। स्क्रीनशॉट नकली हो सकता है; सबूत सिर्फ आपका अपना बैंक या UPI ऐप है।,,,পেমেন্টের প্রমাণ হিসেবে স্ক্রিনশট দেখায়। স্ক্রিনশট নকল হতে পারে; প্রমাণ শুধু আপনার নিজের ব্যাংক বা UPI অ্যাপ।,,
red flag,withdrawal_fee,Asks you to pay a tax or fee before you can withdraw your money. Real platforms deduct charges; they don't ask for deposits.,"पैसे निकालने से पहले टैक्स या फीस भरने को कहता है। असली प्लेटफॉर्म चार्ज काट लेते हैं, जमा नहीं करवाते।",,,"টাকা তোলার আগে ট্যাক্স বা ফি দিতে বলে। আসল প্ল্যাটফর্ম চার্জ কেটে নেয়, জমা করায় না।",,
red flag,known_bad_link,This link is on Google's list of known phishing or malware sites. Don't open it.,यह लिंक Google की धोखाधड़ी (फ़िशिंग) या मैलवेयर वाली साइटों की सूची में है। इसे न खोलें।,,,এই লিঙ্কটি Google-এর প্রতারণা (ফিশিং) বা ম্যালওয়্যার সাইটের তালিকায় আছে। এটি খুলবেন না।,,
red flag,urgency,Pushes you to act immediately.,तुरंत कुछ करने का दबाव डालता है।,,,এখনই কিছু করার চাপ দেয়।,,
red flag,threat_block,Threatens to block or cut off your account or service.,खाता या सेवा बंद करने की धमकी देता है।,,,অ্যাকাউন্ট বা পরিষেবা বন্ধ করার হুমকি দেয়।,,
card note,disclaimer,"This is not a guarantee. For help, call 1930.",यह कोई गारंटी नहीं है। मदद के लिए 1930 पर कॉल करें।,,,এটা কোনো গ্যারান্টি নয়। সাহায্যের জন্য ১৯৩০-এ ফোন করুন।,,
card note,too_short,"There isn't enough here to judge. Paste the whole message, or describe the call.",जाँचने के लिए इतनी जानकारी काफी नहीं है। पूरा संदेश पेस्ट करें या कॉल के बारे में बताएं।,,,যাচাই করার মতো যথেষ্ট তথ্য নেই। পুরো বার্তাটি পেস্ট করুন বা কলের কথা লিখুন।,,
card note,no_ask,"This message doesn't ask you to do anything risky yet. If a later message asks you to pay, open a link, share a code or install an app, check that one too, and confirm who it is by calling a number you already know.","यह संदेश अभी आपसे कोई जोखिम भरा काम करने को नहीं कह रहा है। अगर अगला संदेश पैसे भेजने, लिंक खोलने, कोड बताने या ऐप इंस्टॉल करने को कहे, तो उसे भी जाँचें, और भेजने वाले की पहचान अपने पास पहले से मौजूद नंबर पर कॉल करके पक्की करें।",,,"এই বার্তাটি এখনও আপনাকে ঝুঁকির কিছু করতে বলছে না। পরের বার্তায় যদি টাকা পাঠাতে, লিঙ্ক খুলতে, কোড জানাতে বা অ্যাপ ইনস্টল করতে বলে, সেটাও যাচাই করুন, আর আগে থেকে জানা নম্বরে ফোন করে নিশ্চিত হয়ে নিন কে পাঠিয়েছে।",,
card note,screenshot_note,"This looks like a payment screen. A screenshot can never prove a payment: check your own UPI app, bank SMS or soundbox.","यह पेमेंट स्क्रीन जैसा दिखता है। स्क्रीनशॉट से पेमेंट कभी साबित नहीं होता: अपना UPI ऐप, बैंक SMS या साउंडबॉक्स जाँचें।",,,"এটা পেমেন্টের স্ক্রিনের মতো দেখাচ্ছে। স্ক্রিনশট দিয়ে পেমেন্ট কখনও প্রমাণ হয় না: নিজের UPI অ্যাপ, ব্যাংক SMS বা সাউন্ডবক্স দেখুন।",,
interface,title,Is This a Scam?,क्या यह स्कैम है?,,,এটা কি স্ক্যাম?,,
interface,tagline,"Paste a suspicious message, upload a screenshot, or describe a call. Get a clear answer in your language.","कोई संदिग्ध संदेश पेस्ट करें, स्क्रीनशॉट डालें या कॉल के बारे में बताएं। अपनी भाषा में साफ़ जवाब पाएं।",,,"সন্দেহজনক বার্তা পেস্ট করুন, স্ক্রিনশট দিন বা কলের কথা লিখুন। নিজের ভাষায় পরিষ্কার উত্তর পান।",,
interface,urgent_btn,I already paid or shared my OTP,मैंने पैसे भेज दिए या OTP बता दिया,,,আমি টাকা পাঠিয়েছি বা OTP বলে দিয়েছি,,
interface,urgent_title,Act now. Every minute counts.,तुरंत कदम उठाएं। हर मिनट कीमती है।,,,এখনই ব্যবস্থা নিন। প্রতিটি মিনিট জরুরি।,,
interface,call_1930,Call 1930 now,अभी 1930 पर कॉल करें,,,এখনই ১৯৩০-এ ফোন করুন,,
interface,report_online,Report at cybercrime.gov.in,cybercrime.gov.in पर शिकायत करें,,,cybercrime.gov.in-এ অভিযোগ করুন,,
interface,close,Close,बंद करें,,,বন্ধ করুন,,
interface,tab_message,Message or screenshot,संदेश या स्क्रीनशॉट,,,বার্তা বা স্ক্রিনশট,,
interface,tab_call,Phone call,फोन कॉल,,,ফোন কল,,
interface,paste_label,Paste the message,संदेश पेस्ट करें,,,বার্তাটি পেস্ট করুন,,
interface,paste_placeholder,"Paste the SMS, WhatsApp message or email here…","SMS, WhatsApp संदेश या ईमेल यहाँ पेस्ट करें…",,,"SMS, হোয়াটসঅ্যাপ বার্তা বা ইমেল এখানে পেস্ট করুন…",,
interface,or_upload,Or upload a screenshot,या स्क्रीनशॉट अपलोड करें,,,অথবা স্ক্রিনশট আপলোড করুন,,
interface,upload_hint,PNG or JPG. The image is read once and never stored.,"PNG या JPG। तस्वीर एक बार पढ़ी जाती है, कभी सेव नहीं होती।",,,"PNG বা JPG। ছবিটি একবার পড়া হয়, কখনও সংরক্ষণ করা হয় না।",,
interface,remove,Remove,हटाएं,,,সরান,,
interface,q_claimed,Who did they say they were?,उन्होंने खुद को कौन बताया?,,,তারা নিজেকে কে বলে পরিচয় দিল?,,
interface,q_asked,What did they ask you to do? Pick all that apply.,"उन्होंने आपसे क्या करने को कहा? जितने लागू हों, चुनें।",,,তারা আপনাকে কী করতে বলল? যতগুলো প্রযোজ্য বেছে নিন।,,
interface,q_threat,Did they threaten you?,क्या उन्होंने धमकी दी?,,,তারা কি হুমকি দিয়েছে?,,
interface,q_video,"Was it a video call, or did they ask you to keep it secret?","क्या वीडियो कॉल था, या उन्होंने बात छिपाने को कहा?",,,"এটা কি ভিডিও কল ছিল, বা তারা গোপন রাখতে বলেছিল?",,
interface,q_safe,Did they ask you to move money to a 'safe' or 'RBI' account?,क्या उन्होंने पैसे किसी 'सुरक्षित' या 'RBI' खाते में भेजने को कहा?,,,তারা কি টাকা কোনো 'নিরাপদ' বা 'RBI' অ্যাকাউন্টে সরাতে বলেছিল?,,
interface,yes,Yes,हाँ,,,হ্যাঁ,,
interface,no,No,नहीं,,,না,,
interface,details_label,Anything else they said? (optional),उन्होंने और क्या कहा? (वैकल्पिक),,,তারা আর কী বলেছিল? (ঐচ্ছিক),,
interface,details_placeholder,In your own words…,अपने शब्दों में…,,,নিজের ভাষায়…,,
interface,claimed.police_cbi_customs,"Police, CBI, customs or court","पुलिस, सीबीआई, कस्टम या कोर्ट",,,"পুলিশ, সিবিআই, কাস্টমস বা আদালত",,
interface,claimed.bank_rbi,Bank or RBI,बैंक या RBI,,,ব্যাংক বা RBI,,
interface,claimed.telecom_trai,TRAI or phone company,TRAI या फोन कंपनी,,,TRAI বা ফোন কোম্পানি,,
interface,claimed.courier,Courier company,कूरियर कंपनी,,,কুরিয়ার কোম্পানি,,
interface,claimed.family_friend,Family member or friend,परिवार का सदस्य या दोस्त,,,পরিবারের কেউ বা বন্ধু,,
interface,claimed.company_hr,Company or HR,कंपनी या HR,,,কোম্পানি বা HR,,
interface,claimed.other,Someone else / not sure,कोई और / पता नहीं,,,অন্য কেউ / জানি না,,
interface,asked.money_transfer,Send money,पैसे भेजना,,,টাকা পাঠানো,,
interface,asked.otp_pin,"Share OTP, PIN or card details","OTP, पिन या कार्ड की जानकारी बताना",,,"OTP, পিন বা কার্ডের তথ্য জানানো",,
interface,asked.install_app,Install an app,कोई ऐप इंस्टॉल करना,,,কোনো অ্যাপ ইনস্টল করা,,
interface,asked.personal_details,Give Aadhaar or bank details,आधार या बैंक की जानकारी देना,,,আধার বা ব্যাংকের তথ্য দেওয়া,,
interface,asked.stay_on_call,Stay on the call or keep the camera on,कॉल पर बने रहना या कैमरा चालू रखना,,,কলে থাকা বা ক্যামেরা চালু রাখা,,
interface,asked.nothing,Nothing yet,अभी कुछ नहीं,,,এখনও কিছু না,,
interface,threat.arrest_case,Arrest or a police case,गिरफ्तारी या पुलिस केस,,,গ্রেফতার বা পুলিশ কেস,,
interface,threat.account_block,"Blocking my account, card or SIM","खाता, कार्ड या सिम बंद करना",,,"অ্যাকাউন্ট, কার্ড বা সিম বন্ধ করা",,
interface,threat.family_harm,Harm to someone in my family,परिवार के किसी सदस्य को नुकसान,,,পরিবারের কারও ক্ষতি,,
interface,threat.none,No threat,कोई धमकी नहीं,,,কোনো হুমকি নেই,,
interface,check_btn,Check now,अभी जाँचें,,,এখনই যাচাই করুন,,
interface,checking,Checking… this takes about 10 seconds.,जाँच हो रही है… लगभग 10 सेकंड लगेंगे।,,,যাচাই চলছে… প্রায় ১০ সেকেন্ড লাগবে।,,
interface,type_label,Type,प्रकार,,,ধরন,,
interface,red_flags_title,Red flags we found,हमें मिले खतरे के संकेत,,,আমরা যে বিপদসংকেত পেয়েছি,,
interface,genuine_title,What looks normal,क्या सामान्य लगता है,,,যা স্বাভাবিক মনে হচ্ছে,,
interface,steps_title,What to do now,अब क्या करें,,,এখন কী করবেন,,
interface,verify_title,How to check safely,सुरक्षित तरीके से कैसे जाँचें,,,নিরাপদে কীভাবে যাচাই করবেন,,
interface,share_btn,Share on WhatsApp,WhatsApp पर शेयर करें,,,হোয়াটসঅ্যাপে শেয়ার করুন,,
interface,helpful_q,Was this helpful?,क्या यह मददगार था?,,,এটা কি কাজে লাগল?,,
interface,wrong_btn,This verdict is wrong,यह नतीजा गलत है,,,এই ফলাফল ভুল,,
interface,stopped_q,Did this stop you from paying or clicking?,क्या इससे आप पैसे भेजने या लिंक खोलने से रुके?,,,এর জন্য কি আপনি টাকা পাঠানো বা লিঙ্ক খোলা থেকে বিরত থাকলেন?,,
interface,thanks,Thank you. This helps us improve.,धन्यवाद। इससे हमें सुधार करने में मदद मिलती है।,,,ধন্যবাদ। এতে আমাদের উন্নতি করতে সুবিধা হয়।,,
interface,check_another,Check another message,दूसरा संदेश जाँचें,,,আরেকটি বার্তা যাচাই করুন,,
interface,privacy,We never store your message or screenshot. Personal numbers are hidden before checking.,हम आपका संदेश या स्क्रीनशॉट कभी सेव नहीं करते। जाँच से पहले निजी नंबर छिपा दिए जाते हैं।,,,আমরা আপনার বার্তা বা স্ক্রিনশট কখনও সংরক্ষণ করি না। যাচাইয়ের আগে ব্যক্তিগত নম্বর লুকিয়ে ফেলা হয়।,,
interface,how_it_works,How it works and how accurate it is,यह कैसे काम करता है और कितना सटीक है,,,এটা কীভাবে কাজ করে এবং কতটা নির্ভুল,,
interface,error_generic,Something went wrong. Please try again.,कुछ गड़बड़ हो गई। कृपया फिर से कोशिश करें।,,,কিছু একটা ভুল হয়েছে। আবার চেষ্টা করুন।,,
interface,need_input,Paste a message or upload a screenshot first.,पहले कोई संदेश पेस्ट करें या स्क्रीनशॉट डालें।,,,আগে একটি বার্তা পেস্ট করুন বা স্ক্রিনশট দিন।,,
interface,need_call,Answer at least one question about the call.,कॉल के बारे में कम से कम एक सवाल का जवाब दें।,,,কল সম্পর্কে অন্তত একটি প্রশ্নের উত্তর দিন।,,
interface,no_model,Running in rules-only mode: only clear scam patterns can be detected right now.,अभी सिर्फ नियमों वाले मोड में चल रहा है: केवल साफ़ स्कैम पैटर्न पहचाने जा सकते हैं।,,,এখন শুধু নিয়ম-ভিত্তিক মোডে চলছে: কেবল স্পষ্ট স্ক্যাম প্যাটার্ন ধরা যায়।,,
interface,share_suffix,Check a message yourself:,खुद कोई संदेश जाँचें:,,,নিজে একটি বার্তা যাচাই করুন:,,
